"","X1","X1_2","X1_1","country","year","percentage_where_some_content_withheld","accounts_specified","accounts_withheld","tweets_withheld","accounts_tos","accounts_no_action","total_withholding_accounts_and_tweets","total_requests_made","requests_where_content_withheld"
"1",1,1,1,"France","January - June 2012",0,2,0,0,0,0,0,1,0
"2",2,2,2,"Greece","January - June 2012",0,2,0,0,0,0,0,2,0
"3",3,3,3,"Pakistan","January - June 2012",0,1,0,0,0,0,0,1,0
"4",4,4,4,"Turkey","January - June 2012",0,7,0,0,0,0,0,1,0
"5",5,5,5,"United Kingdom","January - June 2012",0,6,0,0,0,0,0,1,0
"6",6,6,6,"Australia","January - June 2013",0,2,0,0,0,0,0,2,0
"7",7,7,7,"Brazil","January - June 2013",20,11,1,39,0,0,40,10,2
"8",8,8,8,"Canada","January - June 2013",0,1,0,0,0,0,0,1,0
"9",9,9,9,"Ecuador","January - June 2013",0,1,0,0,0,0,0,1,0
"10",10,10,10,"France","January - June 2013",33,14,0,12,0,0,12,3,0.99
"11",11,11,11,"Germany","January - June 2013",75,4,3,0,0,0,3,4,3
"12",12,12,12,"Greece","January - June 2013",0,0,0,0,0,0,0,0,0
"13",13,13,13,"India","January - June 2013",50,2,0,3,0,0,3,2,1
"14",14,14,14,"Indonesia","January - June 2013",0,2,0,0,0,0,0,2,0
"15",15,15,15,"Japan","January - June 2013",100,2,0,6,0,0,6,2,2
"16",16,16,16,"Netherlands","January - June 2013",100,2,0,5,0,0,5,2,2
"17",17,17,17,"Pakistan","January - June 2013",0,0,0,0,0,0,0,0,0
"18",18,18,18,"Russian Federation","January - June 2013",76,17,4,8,0,0,12,17,12.92
"19",19,19,19,"South Korea","January - June 2013",0,1,0,0,0,0,0,1,0
"20",20,20,20,"Spain","January - June 2013",0,3,0,0,0,0,0,1,0
"21",21,21,21,"Turkey","January - June 2013",0,30,0,0,0,0,0,7,0
"22",22,22,22,"United Kingdom","January - June 2013",0,2,0,0,0,0,0,2,0
"23",23,23,23,"United States","January - June 2013",0,11,0,0,0,0,0,2,0
"24",24,24,24,"Venezuela","January - June 2013",0,1,0,0,0,0,0,1,0
"25",25,25,25,"Australia","January - June 2014",0,0,0,0,0,0,0,0,0
"26",26,26,26,"Brazil","January - June 2014",0,14,0,0,0,0,0,8,0
"27",27,27,27,"Canada","January - June 2014",0,5,0,0,0,0,0,3,0
"28",28,28,28,"Colombia","January - June 2014",0,1,0,0,0,0,0,1,0
"29",29,29,29,"Cyprus","January - June 2014",0,1,0,0,0,0,0,1,0
"30",30,30,30,"Ecuador","January - June 2014",0,0,0,0,0,0,0,0,0
"31",31,31,31,"France","January - June 2014",28,112,0,30,0,0,30,108,30.24
"32",32,32,32,"Germany","January - June 2014",0,3,0,0,0,0,0,2,0
"33",33,33,33,"Greece","January - June 2014",0,2,0,0,0,0,0,2,0
"34",34,34,34,"Hong Kong","January - June 2014",0,1,0,0,0,0,0,1,0
"35",35,35,35,"India","January - June 2014",0,9,0,0,0,0,0,5,0
"36",36,36,36,"Indonesia","January - June 2014",0,0,0,0,0,0,0,0,0
"37",37,37,37,"Ireland","January - June 2014",0,13,0,0,0,0,0,2,0
"38",38,38,38,"Italy","January - June 2014",0,0,0,0,0,0,0,0,0
"39",39,39,39,"Japan","January - June 2014",25,31,0,24,0,0,24,8,2
"40",40,40,40,"Kuwait","January - June 2014",0,7,0,0,0,0,0,5,0
"41",41,41,41,"Mexico","January - June 2014",0,0,0,0,0,0,0,0,0
"42",42,42,42,"Netherlands","January - June 2014",33,3,0,1,0,0,1,3,0.99
"43",43,43,43,"Norway","January - June 2014",0,1,0,0,0,0,0,2,0
"44",44,44,44,"Pakistan","January - June 2014",0,101,0,0,0,0,0,12,0
"45",45,45,45,"Russian Federation","January - June 2014",59,34,8,11,0,0,19,32,18.88
"46",46,46,46,"South Korea","January - June 2014",0,0,0,0,0,0,0,0,0
"47",47,47,47,"Spain","January - June 2014",0,4,0,0,0,0,0,2,0
"48",48,48,48,"Turkey","January - June 2014",30,304,17,183,0,0,200,186,55.8
"49",49,49,49,"United Arab Emirates","January - June 2014",0,13,0,0,0,0,0,1,0
"50",50,50,50,"United Kingdom","January - June 2014",6,22,0,2,0,0,2,17,1.02
"51",51,51,51,"United States","January - June 2014",0,42,0,0,0,0,0,31,0
"52",52,52,52,"Venezuela","January - June 2014",0,0,0,0,0,0,0,0,0
"53",53,53,53,"Argentina","January - June 2015",0,0,0,0,0,0,0,0,0
"54",54,54,54,"Australia","January - June 2015",0,0,0,0,0,0,0,0,0
"55",55,55,55,"Brazil","January - June 2015",38,28,1,403,0,0,404,21,7.98
"56",56,56,56,"Canada","January - June 2015",0,1,0,0,0,0,0,1,0
"57",57,57,57,"Colombia","January - June 2015",0,0,0,0,0,0,0,0,0
"58",58,58,58,"Cyprus","January - June 2015",0,0,0,0,0,0,0,0,0
"59",59,59,59,"Ecuador","January - June 2015",0,0,0,0,0,0,0,0,0
"60",60,60,60,"France","January - June 2015",7,37,0,2,0,0,2,32,2.24
"61",61,61,61,"Germany","January - June 2015",86,20,10,6,0,0,16,14,12.04
"62",62,62,62,"Greece","January - June 2015",0,0,0,0,0,0,0,0,0
"63",63,63,63,"Hong Kong","January - June 2015",0,0,0,0,0,0,0,0,0
"64",64,64,64,"India","January - June 2015",0,65,0,0,0,0,0,33,0
"65",65,65,65,"Indonesia","January - June 2015",0,878,0,0,0,0,0,3,0
"66",66,66,66,"Iraq","January - June 2015",0,0,0,0,0,0,0,1,0
"67",67,67,67,"Ireland","January - June 2015",0,0,0,0,0,0,0,0,0
"68",68,68,68,"Italy","January - June 2015",0,3,0,0,0,0,0,2,0
"69",69,69,69,"Japan","January - June 2015",56,186,0,220,0,0,220,16,8.96
"70",70,70,70,"Kazakhstan","January - June 2015",0,4,0,0,0,0,0,1,0
"71",71,71,71,"Kenya","January - June 2015",0,0,0,0,0,0,0,0,0
"72",72,72,72,"Kuwait","January - June 2015",0,0,0,0,0,0,0,0,0
"73",73,73,73,"Malaysia","January - June 2015",0,1,0,0,0,0,0,1,0
"74",74,74,74,"Mexico","January - June 2015",0,1,0,0,0,0,0,1,0
"75",75,75,75,"Mongolia","January - June 2015",0,5,0,0,0,0,0,5,0
"76",76,76,76,"Netherlands","January - June 2015",0,4,0,0,0,0,0,4,0
"77",77,77,77,"Norway","January - June 2015",0,0,0,0,0,0,0,0,0
"78",78,78,78,"Pakistan","January - June 2015",0,60,0,0,0,0,0,6,0
"79",79,79,79,"Russian Federation","January - June 2015",63,177,22,56,0,0,78,68,42.84
"80",80,80,80,"South Korea","January - June 2015",0,59,0,0,0,0,0,40,0
"81",81,81,81,"Spain","January - June 2015",0,1,0,0,0,0,0,2,0
"82",82,82,82,"Turkey","January - June 2015",34,1978,125,1667,0,0,1792,718,244.12
"83",83,83,83,"United Arab Emirates","January - June 2015",0,0,0,0,0,0,0,0,0
"84",84,84,84,"United Kingdom","January - June 2015",0,15,0,0,0,0,0,9,0
"85",85,85,85,"United States","January - June 2015",0,71,0,0,0,0,0,25,0
"86",86,86,86,"Venezuela","January - June 2015",0,0,0,0,0,0,0,0,0
"87",87,87,87,"Argentina","January - June 2016",0,0,0,0,0,0,0,0,0
"88",88,88,88,"Australia","January - June 2016",20,35,0,1,2,0,1,5,1
"89",89,89,89,"Azerbaijan","January - June 2016",0,12,0,0,9,0,0,12,0
"90",90,90,90,"Bosnia and Herzegovina","January - June 2016",0,0,0,0,0,0,0,0,0
"91",91,91,91,"Brazil","January - June 2016",5,172,0,13,36,0,13,40,2
"92",92,92,92,"Canada","January - June 2016",0,13,0,0,3,0,0,11,0
"93",93,93,93,"Chile","January - June 2016",0,1,0,0,0,0,0,1,0
"94",94,94,94,"Colombia","January - June 2016",0,4,0,0,2,0,0,4,0
"95",95,95,95,"Cyprus","January - June 2016",0,0,0,0,0,0,0,0,0
"96",96,96,96,"Czech Republic","January - June 2016",0,0,0,0,0,0,0,0,0
"97",97,97,97,"Dominican Republic","January - June 2016",0,0,0,0,0,0,0,0,0
"98",98,98,98,"Ecuador","January - June 2016",0,1,0,0,0,0,0,1,0
"99",99,99,99,"Egypt","January - June 2016",0,0,0,0,0,0,0,0,0
"100",100,100,100,"Finland","January - June 2016",0,0,0,0,0,0,0,0,0
"101",101,101,101,"France","January - June 2016",11,758,4,51,381,0,55,466,51.26
"102",102,102,102,"Georgia","January - June 2016",0,2,0,0,2,0,0,2,0
"103",103,103,103,"Germany","January - June 2016",13,143,4,4,93,0,8,63,8.19
"104",104,104,104,"Greece","January - June 2016",0,0,0,0,0,0,0,0,0
"105",105,105,105,"Hong Kong","January - June 2016",0,0,0,0,0,0,0,0,0
"106",106,106,106,"India","January - June 2016",0,129,0,0,89,0,0,43,0
"107",107,107,107,"Indonesia","January - June 2016",0,113,0,0,49,0,0,30,0
"108",108,108,108,"Iraq","January - June 2016",0,0,0,0,0,0,0,0,0
"109",109,109,109,"Ireland","January - June 2016",17,11,0,1,6,0,1,6,1.02
"110",110,110,110,"Israel","January - June 2016",0,1,0,0,1,0,0,1,0
"111",111,111,111,"Italy","January - June 2016",0,0,0,0,0,0,0,0,0
"112",112,112,112,"Japan","January - June 2016",4,169,0,21,78,0,21,67,2.68
"113",113,113,113,"Kazakhstan","January - June 2016",0,0,0,0,0,0,0,0,0
"114",114,114,114,"Kenya","January - June 2016",0,0,0,0,0,0,0,0,0
"115",115,115,115,"Kuwait","January - June 2016",0,9,0,0,7,0,0,5,0
"116",116,116,116,"Lebanon","January - June 2016",0,2,0,0,1,0,0,2,0
"117",117,117,117,"Luxembourg","January - June 2016",0,0,0,0,0,0,0,0,0
"118",118,118,118,"Malaysia","January - June 2016",0,4,0,0,3,0,0,2,0
"119",119,119,119,"Maldives","January - June 2016",0,1,0,0,0,0,0,1,0
"120",120,120,120,"Mexico","January - June 2016",0,2,0,0,1,0,0,2,0
"121",121,121,121,"Mongolia","January - June 2016",0,0,0,0,0,0,0,1,0
"122",122,122,122,"Netherlands","January - June 2016",33,7,0,3,2,0,3,6,1.98
"123",123,123,123,"New Zealand","January - June 2016",0,2,0,0,0,0,0,1,0
"124",124,124,124,"Norway","January - June 2016",0,0,0,0,0,0,0,0,0
"125",125,125,125,"Pakistan","January - June 2016",0,32,0,0,27,0,0,9,0
"126",126,126,126,"Philippines","January - June 2016",0,1,0,0,0,0,0,1,0
"127",127,127,127,"Russian Federation","January - June 2016",12,1698,10,182,1272,0,192,1601,192.12
"128",128,128,128,"Saudi Arabia","January - June 2016",0,0,0,0,0,0,0,0,0
"129",129,129,129,"Serbia","January - June 2016",0,1,0,0,1,0,0,1,0
"130",130,130,130,"Singapore","January - June 2016",0,2,0,0,0,0,0,2,0
"131",131,131,131,"South Africa","January - June 2016",0,1,0,0,0,0,0,1,0
"132",132,132,132,"South Korea","January - June 2016",0,17,0,0,9,0,0,17,0
"133",133,133,133,"Spain","January - June 2016",5,27,0,3,8,0,3,20,1
"134",134,134,134,"Sweden","January - June 2016",0,2,0,0,2,0,0,2,0
"135",135,135,135,"Turkey","January - June 2016",23,14953,222,1571,393,0,1793,2493,573.39
"136",136,136,136,"United Arab Emirates","January - June 2016",0,1,0,0,1,0,0,1,0
"137",137,137,137,"United Kingdom","January - June 2016",3,2090,0,749,27,0,749,174,5.22
"138",138,138,138,"United States","January - June 2016",0,150,0,0,82,0,0,100,0
"139",139,139,139,"Venezuela","January - June 2016",0,5,0,0,0,0,0,1,0
"140",140,140,140,"Afghanistan","January - June 2017",0,0,0,0,0,0,0,0,0
"141",141,141,141,"Argentina","January - June 2017",0,7,0,0,3,0,0,7,0
"142",142,142,142,"Australia","January - June 2017",29,6,0,23,1,0,23,7,2.03
"143",143,143,143,"Austria","January - June 2017",0,0,0,0,0,0,0,0,0
"144",144,144,144,"Azerbaijan","January - June 2017",0,0,0,0,0,0,0,0,0
"145",145,145,145,"Bahrain","January - June 2017",0,2,0,0,0,0,0,2,0
"146",146,146,146,"Belarus","January - June 2017",0,0,0,0,0,0,0,0,0
"147",147,147,147,"Belgium","January - June 2017",0,3,0,0,3,0,0,3,0
"148",148,148,148,"Bosnia and Herzegovina","January - June 2017",0,0,0,0,0,0,0,0,0
"149",149,149,149,"Brazil","January - June 2017",15,271,0,25,18,0,25,34,5.1
"150",150,150,150,"Canada","January - June 2017",0,12,0,0,5,0,0,11,0
"151",151,151,151,"Chile","January - June 2017",0,1,0,0,0,0,0,1,0
"152",152,152,152,"Colombia","January - June 2017",0,3,0,0,3,0,0,3,0
"153",153,153,153,"Croatia","January - June 2017",0,1,0,0,0,0,0,1,0
"154",154,154,154,"Cyprus","January - June 2017",0,0,0,0,0,0,0,0,0
"155",155,155,155,"Czech Republic","January - June 2017",0,0,0,0,0,0,0,0,0
"156",156,156,156,"Dominican Republic","January - June 2017",0,2,0,0,2,0,0,2,0
"157",157,157,157,"Ecuador","January - June 2017",0,3,0,0,0,0,0,3,0
"158",158,158,158,"Egypt","January - June 2017",0,0,0,0,0,0,0,0,0
"159",159,159,159,"Estonia","January - June 2017",0,0,0,0,0,0,0,0,0
"160",160,160,160,"Finland","January - June 2017",0,1,0,0,0,0,0,1,0
"161",161,161,161,"France","January - June 2017",13,1177,2,164,393,0,166,1039,135.07
"162",162,162,162,"Georgia","January - June 2017",0,0,0,0,0,0,0,0,0
"163",163,163,163,"Germany","January - June 2017",25,469,0,121,198,0,121,443,110.75
"164",164,164,164,"Greece","January - June 2017",0,2,0,0,2,0,0,2,0
"165",165,165,165,"Haiti","January - June 2017",0,0,0,0,0,0,0,0,0
"166",166,166,166,"Hong Kong","January - June 2017",0,2,0,0,1,0,0,2,0
"167",167,167,167,"India","January - June 2017",0,341,0,0,101,0,0,104,0
"168",168,168,168,"Indonesia","January - June 2017",0,93,0,0,36,0,0,57,0
"169",169,169,169,"Iraq","January - June 2017",0,0,0,0,0,0,0,0,0
"170",170,170,170,"Ireland","January - June 2017",0,12,0,0,4,0,0,8,0
"171",171,171,171,"Israel","January - June 2017",0,2,0,0,1,0,0,2,0
"172",172,172,172,"Italy","January - June 2017",0,5,0,0,0,0,0,5,0
"173",173,173,173,"Japan","January - June 2017",9,424,0,64,303,0,64,104,9.36
"174",174,174,174,"Kazakhstan","January - June 2017",0,0,0,0,0,0,0,0,0
"175",175,175,175,"Kenya","January - June 2017",0,1,0,0,0,0,0,1,0
"176",176,176,176,"Kuwait","January - June 2017",0,3,0,0,0,0,0,3,0
"177",177,177,177,"Lebanon","January - June 2017",0,0,0,0,0,0,0,0,0
"178",178,178,178,"Luxembourg","January - June 2017",0,0,0,0,0,0,0,0,0
"179",179,179,179,"Malaysia","January - June 2017",0,2,0,0,0,0,0,2,0
"180",180,180,180,"Maldives","January - June 2017",0,0,0,0,0,0,0,0,0
"181",181,181,181,"Mexico","January - June 2017",0,4,0,0,1,0,0,5,0
"182",182,182,182,"Mongolia","January - June 2017",0,0,0,0,0,0,0,0,0
"183",183,183,183,"Nepal","January - June 2017",0,8,0,0,1,0,0,8,0
"184",184,184,184,"Netherlands","January - June 2017",17,12,0,1,6,0,1,12,2.04
"185",185,185,185,"New Zealand","January - June 2017",0,0,0,0,0,0,0,0,0
"186",186,186,186,"Norway","January - June 2017",0,0,0,0,0,0,0,0,0
"187",187,187,187,"Pakistan","January - June 2017",0,82,0,0,19,0,0,24,0
"188",188,188,188,"Paraguay","January - June 2017",0,1,0,0,0,0,0,1,0
"189",189,189,189,"Philippines","January - June 2017",0,1,0,0,1,0,0,1,0
"190",190,190,190,"Poland","January - June 2017",0,3,0,0,3,0,0,3,0
"191",191,191,191,"Portugal","January - June 2017",0,0,0,0,0,0,0,0,0
"192",192,192,192,"Qatar","January - June 2017",0,1,0,0,1,0,0,1,0
"193",193,193,193,"Russian Federation","January - June 2017",55,1225,87,566,224,0,653,1213,667.15
"194",194,194,194,"Saudi Arabia","January - June 2017",0,5,0,0,2,0,0,4,0
"195",195,195,195,"Serbia","January - June 2017",0,0,0,0,0,0,0,0,0
"196",196,196,196,"Singapore","January - June 2017",0,0,0,0,0,0,0,0,0
"197",197,197,197,"South Africa","January - June 2017",0,0,0,0,0,0,0,0,0
"198",198,198,198,"South Korea","January - June 2017",0,68,0,0,39,0,0,33,0
"199",199,199,199,"Spain","January - June 2017",6,37,0,2,11,0,2,17,1.02
"200",200,200,200,"Sweden","January - June 2017",0,0,0,0,0,0,0,0,0
"201",201,201,201,"Switzerland","January - June 2017",0,0,0,0,0,0,0,0,0
"202",202,202,202,"Thailand","January - June 2017",0,1,0,0,0,0,0,1,0
"203",203,203,203,"Turkey","January - June 2017",11,9289,204,497,1376,0,701,2710,298.1
"204",204,204,204,"Ukraine","January - June 2017",0,2,0,0,0,0,0,1,0
"205",205,205,205,"United Arab Emirates","January - June 2017",0,54,0,0,49,0,0,15,0
"206",206,206,206,"United Kingdom","January - June 2017",5,218,4,0,37,0,4,66,3.3
"207",207,207,207,"United States","January - June 2017",0,261,0,0,179,0,0,122,0
"208",208,208,208,"Uruguay","January - June 2017",0,1,0,0,0,0,0,1,0
"209",209,209,209,"Uzbekistan","January - June 2017",0,0,0,0,0,0,0,0,0
"210",210,210,210,"Venezuela","January - June 2017",0,2,0,0,0,0,0,1,0
"211",211,211,211,"Afghanistan","January - June 2018",0,0,0,0,0,0,0,0,0
"212",212,212,212,"Argentina","January - June 2018",0,10,0,0,0,0,0,10,0
"213",213,213,213,"Australia","January - June 2018",29,9,0,10,0,0,10,7,2.03
"214",214,214,214,"Austria","January - June 2018",0,1,0,0,0,0,0,1,0
"215",215,215,215,"Azerbaijan","January - June 2018",0,1,0,0,1,0,0,1,0
"216",216,216,216,"Bahrain","January - June 2018",0,2,0,0,0,0,0,2,0
"217",217,217,217,"Belarus","January - June 2018",0,0,0,0,0,0,0,0,0
"218",218,218,218,"Belgium","January - June 2018",0,0,0,0,0,0,0,0,0
"219",219,219,219,"Bosnia and Herzegovina","January - June 2018",0,0,0,0,0,0,0,0,0
"220",220,220,220,"Brazil","January - June 2018",21,89,0,52,26,0,52,42,8.82
"221",221,221,221,"Canada","January - June 2018",0,8,0,0,4,0,0,8,0
"222",222,222,222,"Chile","January - June 2018",0,0,0,0,0,0,0,0,0
"223",223,223,223,"Colombia","January - June 2018",0,2,0,0,0,0,0,2,0
"224",224,224,224,"Croatia","January - June 2018",0,0,0,0,0,0,0,0,0
"225",225,225,225,"Cyprus","January - June 2018",0,0,0,0,0,0,0,0,0
"226",226,226,226,"Czech Republic","January - June 2018",0,0,0,0,0,0,0,0,0
"227",227,227,227,"Dominican Republic","January - June 2018",0,3,0,0,0,0,0,3,0
"228",228,228,228,"Ecuador","January - June 2018",0,5,0,0,2,0,0,4,0
"229",229,229,229,"Egypt","January - June 2018",0,0,0,0,0,0,0,0,0
"230",230,230,230,"Estonia","January - June 2018",0,0,0,0,0,0,0,0,0
"231",231,231,231,"Finland","January - June 2018",0,0,0,0,0,0,0,0,0
"232",232,232,232,"France","January - June 2018",3,313,0,55,160,0,55,133,3.99
"233",233,233,233,"Georgia","January - June 2018",0,0,0,0,0,0,0,0,0
"234",234,234,234,"Germany","January - June 2018",12,54,0,66,8,0,66,33,3.96
"235",235,235,235,"Greece","January - June 2018",0,1,0,0,1,0,0,1,0
"236",236,236,236,"Haiti","January - June 2018",0,0,0,0,0,0,0,0,0
"237",237,237,237,"Hong Kong","January - June 2018",0,0,0,0,0,0,0,0,0
"238",238,238,238,"India","January - June 2018",5,1694,19,498,142,0,517,246,12.3
"239",239,239,239,"Indonesia","January - June 2018",0,1683,0,0,522,0,0,189,0
"240",240,240,240,"Iraq","January - June 2018",0,0,0,0,0,0,0,0,0
"241",241,241,241,"Ireland","January - June 2018",27,60,0,51,3,0,51,11,2.97
"242",242,242,242,"Israel","January - June 2018",33,42,22,0,11,0,22,3,0.99
"243",243,243,243,"Italy","January - June 2018",0,6,0,0,3,0,0,6,0
"244",244,244,244,"Japan","January - June 2018",6,1101,2,82,482,0,84,196,11.76
"245",245,245,245,"Kazakhstan","January - June 2018",0,6,0,0,1,0,0,2,0
"246",246,246,246,"Kenya","January - June 2018",0,0,0,0,0,0,0,0,0
"247",247,247,247,"Kuwait","January - June 2018",0,3,0,0,1,0,0,3,0
"248",248,248,248,"Lebanon","January - June 2018",0,3,0,0,0,0,0,3,0
"249",249,249,249,"Luxembourg","January - June 2018",0,0,0,0,0,0,0,0,0
"250",250,250,250,"Malaysia","January - June 2018",0,29,0,0,20,0,0,12,0
"251",251,251,251,"Maldives","January - June 2018",0,0,0,0,0,0,0,0,0
"252",252,252,252,"Mexico","January - June 2018",0,4,0,0,1,0,0,2,0
"253",253,253,253,"Mongolia","January - June 2018",0,0,0,0,0,0,0,0,0
"254",254,254,254,"Nepal","January - June 2018",0,0,0,0,0,0,0,0,0
"255",255,255,255,"Netherlands","January - June 2018",0,4,0,4,3,0,4,3,0
"256",256,256,256,"New Zealand","January - June 2018",0,0,0,0,0,0,0,0,0
"257",257,257,257,"Norway","January - June 2018",0,0,0,0,0,0,0,0,0
"258",258,258,258,"Oman","January - June 2018",0,35,0,0,8,0,0,3,0
"259",259,259,259,"Pakistan","January - June 2018",0,3004,0,0,141,0,0,243,0
"260",260,260,260,"Panama","January - June 2018",0,4,0,0,0,0,0,4,0
"261",261,261,261,"Paraguay","January - June 2018",0,0,0,0,0,0,0,0,0
"262",262,262,262,"Philippines","January - June 2018",0,0,0,0,0,0,0,0,0
"263",263,263,263,"Poland","January - June 2018",0,14,0,0,2,0,0,3,0
"264",264,264,264,"Portugal","January - June 2018",0,0,0,0,0,0,0,0,0
"265",265,265,265,"Qatar","January - June 2018",0,0,0,0,0,0,0,0,0
"266",266,266,266,"Russian Federation","January - June 2018",27,2053,59,357,764,0,416,1641,443.07
"267",267,267,267,"Saudi Arabia","January - June 2018",0,9,0,0,4,0,0,8,0
"268",268,268,268,"Serbia","January - June 2018",0,0,0,0,0,0,0,0,0
"269",269,269,269,"Singapore","January - June 2018",0,1,0,0,0,0,0,2,0
"270",270,270,270,"South Africa","January - June 2018",0,0,0,0,0,0,0,0,0
"271",271,271,271,"South Korea","January - June 2018",1,1019,0,2,889,0,2,143,1.43
"272",272,272,272,"Spain","January - June 2018",0,10,0,0,0,0,0,10,0
"273",273,273,273,"Sri Lanka","January - June 2018",0,0,0,0,0,0,0,0,0
"274",274,274,274,"Sweden","January - June 2018",0,0,0,0,0,0,0,0,0
"275",275,275,275,"Switzerland","January - June 2018",0,0,0,0,0,0,0,0,0
"276",276,276,276,"Thailand","January - June 2018",0,0,0,0,0,0,0,0,0
"277",277,277,277,"Turkey","January - June 2018",18,13843,425,1464,2560,0,1889,8988,1617.84
"278",278,278,278,"Ukraine","January - June 2018",0,0,0,0,0,0,0,0,0
"279",279,279,279,"United Arab Emirates","January - June 2018",0,2209,0,0,1828,0,0,111,0
"280",280,280,280,"United Kingdom","January - June 2018",8,249,0,15,48,0,15,66,5.28
"281",281,281,281,"United States","January - June 2018",0,228,0,0,173,0,0,99,0
"282",282,282,282,"Uruguay","January - June 2018",0,0,0,0,0,0,0,0,0
"283",283,283,283,"Uzbekistan","January - June 2018",0,0,0,0,0,0,0,0,0
"284",284,284,284,"Venezuela","January - June 2018",0,0,0,0,0,0,0,0,0
"285",285,285,285,"Afghanistan","January - June 2019",0,0,0,0,0,0,0,0,0
"286",286,286,286,"Albania","January - June 2019",0,1,0,0,1,0,0,0,0
"287",287,287,287,"Argentina","January - June 2019",0,1,0,0,0,0,0,0,0
"288",288,288,288,"Australia","January - June 2019",0,5,0,0,1,0,0,1,0
"289",289,289,289,"Austria","January - June 2019",0,3,0,0,1,0,0,0,0
"290",290,290,290,"Azerbaijan","January - June 2019",0,2,0,0,1,0,0,0,0
"291",291,291,291,"Bahrain","January - June 2019",0,0,0,0,0,0,0,0,0
"292",292,292,292,"Belarus","January - June 2019",0,0,0,0,0,0,0,0,0
"293",293,293,293,"Belgium","January - June 2019",0,0,0,0,0,0,0,0,0
"294",294,294,294,"Bosnia and Herzegovina","January - June 2019",0,0,0,0,0,0,0,0,0
"295",295,295,295,"Brazil","January - June 2019",19,293,3,58,14,0,61,46,8.74
"296",296,296,296,"Bulgaria","January - June 2019",0,0,0,0,0,0,0,0,0
"297",297,297,297,"Canada","January - June 2019",8,56,0,0,17,0,0,0,0
"298",298,298,298,"Chile","January - June 2019",0,0,0,0,0,0,0,0,0
"299",299,299,299,"Colombia","January - June 2019",0,8,0,0,4,0,0,0,0
"300",300,300,300,"Croatia","January - June 2019",0,0,0,0,0,0,0,0,0
"301",301,301,301,"Cyprus","January - June 2019",0,0,0,0,0,0,0,0,0
"302",302,302,302,"Czech Republic","January - June 2019",0,0,0,0,0,0,0,0,0
"303",303,303,303,"Denmark","January - June 2019",0,1,0,0,1,0,0,0,0
"304",304,304,304,"Dominican Republic","January - June 2019",0,2,0,0,0,0,0,0,0
"305",305,305,305,"Ecuador","January - June 2019",0,0,0,0,0,0,0,0,0
"306",306,306,306,"Egypt","January - June 2019",0,0,0,0,0,0,0,0,0
"307",307,307,307,"Estonia","January - June 2019",0,0,0,0,0,0,0,0,0
"308",308,308,308,"Finland","January - June 2019",0,0,0,0,0,0,0,0,0
"309",309,309,309,"France","January - June 2019",9,408,1,35,157,0,36,5,0.45
"310",310,310,310,"Georgia","January - June 2019",0,0,0,0,0,0,0,0,0
"311",311,311,311,"Germany","January - June 2019",32,74,2,83,7,0,85,2,0.64
"312",312,312,312,"Greece","January - June 2019",0,6,0,0,4,0,0,1,0
"313",313,313,313,"Haiti","January - June 2019",0,0,0,0,0,0,0,0,0
"314",314,314,314,"Hong Kong","January - June 2019",0,0,0,0,0,0,0,0,0
"315",315,315,315,"India","January - June 2019",6,2484,73,241,578,0,314,8,0.48
"316",316,316,316,"Indonesia","January - June 2019",0,17003,0,0,2345,0,0,0,0
"317",317,317,317,"Iran","January - June 2019",0,4,0,0,2,0,0,0,0
"318",318,318,318,"Iraq","January - June 2019",0,1,0,0,0,0,0,0,0
"319",319,319,319,"Ireland","January - June 2019",0,132,0,0,7,0,0,2,0
"320",320,320,320,"Israel","January - June 2019",8,491,0,1,5,0,1,1,0.08
"321",321,321,321,"Italy","January - June 2019",0,8,0,0,1,0,0,1,0
"322",322,322,322,"Japan","January - June 2019",0.2,6273,4,197,3053,0,201,17,0.034
"323",323,323,323,"Jordan","January - June 2019",0,1,0,0,0,0,0,0,0
"324",324,324,324,"Kazakhstan","January - June 2019",0,0,0,0,0,0,0,0,0
"325",325,325,325,"Kenya","January - June 2019",0,0,0,0,0,0,0,0,0
"326",326,326,326,"Kuwait","January - June 2019",0,2,0,0,0,0,0,0,0
"327",327,327,327,"Kyrgyzstan","January - June 2019",0,0,0,0,0,0,0,0,0
"328",328,328,328,"Lebanon","January - June 2019",0,0,0,0,0,0,0,0,0
"329",329,329,329,"Luxembourg","January - June 2019",0,0,0,0,0,0,0,0,0
"330",330,330,330,"Macedonia","January - June 2019",0,0,0,0,0,0,0,0,0
"331",331,331,331,"Malawi","January - June 2019",0,1,0,0,1,0,0,0,0
"332",332,332,332,"Malaysia","January - June 2019",0,23,0,0,6,0,0,0,0
"333",333,333,333,"Maldives","January - June 2019",0,0,0,0,0,0,0,0,0
"334",334,334,334,"Mexico","January - June 2019",0,33,0,0,10,0,0,3,0
"335",335,335,335,"Mongolia","January - June 2019",0,1,0,0,0,0,0,0,0
"336",336,336,336,"Nepal","January - June 2019",0,1,0,0,0,0,0,0,0
"337",337,337,337,"Netherlands","January - June 2019",0,12,0,0,11,0,0,0,0
"338",338,338,338,"New Zealand","January - June 2019",0,0,0,0,0,0,0,0,0
"339",339,339,339,"Norway","January - June 2019",0,0,0,0,0,0,0,0,0
"340",340,340,340,"Oman","January - June 2019",0,1,0,0,0,0,0,0,0
"341",341,341,341,"Pakistan","January - June 2019",0,1798,0,0,234,0,0,8,0
"342",342,342,342,"Panama","January - June 2019",0,4,0,0,0,0,0,4,0
"343",343,343,343,"Paraguay","January - June 2019",0,0,0,0,0,0,0,0,0
"344",344,344,344,"Philippines","January - June 2019",0,2,0,0,1,0,0,0,0
"345",345,345,345,"Poland","January - June 2019",0,12,0,0,10,0,0,0,0
"346",346,346,346,"Portugal","January - June 2019",0,0,0,0,0,0,0,0,0
"347",347,347,347,"Qatar","January - June 2019",0,5,0,0,4,0,0,0,0
"348",348,348,348,"Russian Federation","January - June 2019",34,3809,7,1253,905,0,1260,711,241.74
"349",349,349,349,"Saudi Arabia","January - June 2019",0,1,0,0,1,0,0,0,0
"350",350,350,350,"Serbia","January - June 2019",0,2,0,0,1,0,0,0,0
"351",351,351,351,"Singapore","January - June 2019",0,2,0,0,0,0,0,0,0
"352",352,352,352,"Slovenia","January - June 2019",0,0,0,0,0,0,0,0,0
"353",353,353,353,"South Africa","January - June 2019",0,4,0,0,0,0,0,0,0
"354",354,354,354,"South Korea","January - June 2019",0,3046,0,1,2595,0,1,42,0
"355",355,355,355,"Spain","January - June 2019",0,10,0,4,1,0,4,1,0
"356",356,356,356,"Sri Lanka","January - June 2019",0,0,0,0,0,0,0,0,0
"357",357,357,357,"Sweden","January - June 2019",0,0,0,0,0,0,0,0,0
"358",358,358,358,"Switzerland","January - June 2019",0,1,0,0,0,0,0,0,0
"359",359,359,359,"Thailand","January - June 2019",0,0,0,0,0,0,0,0,0
"360",360,360,360,"Turkey","January - June 2019",5,8993,264,230,2536,0,494,388,19.4
"361",361,361,361,"Ukraine","January - June 2019",0,22,0,0,0,0,0,0,0
"362",362,362,362,"United Arab Emirates","January - June 2019",0,4869,0,0,3863,0,0,0,0
"363",363,363,363,"United Kingdom","January - June 2019",0,110,0,0,39,0,0,0,0
"364",364,364,364,"United States","January - June 2019",0,732,0,0,473,0,0,2,0
"365",365,365,365,"Uruguay","January - June 2019",0,4,0,0,3,0,0,0,0
"366",366,366,366,"Uzbekistan","January - June 2019",0,0,0,0,0,0,0,0,0
"367",367,367,367,"Venezuela","January - June 2019",0,0,0,0,0,0,0,0,0
"368",368,368,368,"Australia","July - December 2012",0,1,0,0,0,0,0,1,0
"369",369,369,369,"Brazil","July - December 2012",0,22,0,0,0,0,0,16,0
"370",370,370,370,"Canada","July - December 2012",0,2,0,0,0,0,0,2,0
"371",371,371,371,"France","July - December 2012",100,40,0,44,0,0,44,1,1
"372",372,372,372,"Germany","July - December 2012",50,7,1,0,0,0,1,2,1
"373",373,373,373,"Greece","July - December 2012",0,0,0,0,0,0,0,0,0
"374",374,374,374,"India","July - December 2012",0,16,0,0,0,0,0,2,0
"375",375,375,375,"Japan","July - December 2012",0,5,0,0,0,0,0,1,0
"376",376,376,376,"Pakistan","July - December 2012",0,0,0,0,0,0,0,0,0
"377",377,377,377,"Spain","July - December 2012",0,1,0,0,0,0,0,1,0
"378",378,378,378,"Turkey","July - December 2012",0,9,0,0,0,0,0,6,0
"379",379,379,379,"United Kingdom","July - December 2012",0,25,0,0,0,0,0,6,0
"380",380,380,380,"United States","July - December 2012",0,12,0,0,0,0,0,4,0
"381",381,381,381,"Australia","July - December 2013",0,0,0,0,0,0,0,0,0
"382",382,382,382,"Brazil","July - December 2013",33,50,2,26,0,0,28,12,3.96
"383",383,383,383,"Canada","July - December 2013",0,0,0,0,0,0,0,0,0
"384",384,384,384,"Ecuador","July - December 2013",0,0,0,0,0,0,0,0,0
"385",385,385,385,"France","July - December 2013",35,146,0,133,0,0,133,309,108.15
"386",386,386,386,"Germany","July - December 2013",0,1,0,0,0,0,0,2,0
"387",387,387,387,"Greece","July - December 2013",0,3,0,0,0,0,0,2,0
"388",388,388,388,"Hong Kong","July - December 2013",0,1,0,0,0,0,0,1,0
"389",389,389,389,"India","July - December 2013",13,54,0,13,0,0,13,8,1.04
"390",390,390,390,"Indonesia","July - December 2013",0,0,0,0,0,0,0,0,0
"391",391,391,391,"Ireland","July - December 2013",0,1,0,0,0,0,0,1,0
"392",392,392,392,"Italy","July - December 2013",0,1,0,0,0,0,0,1,0
"393",393,393,393,"Japan","July - December 2013",50,1,0,10,0,0,10,2,1
"394",394,394,394,"Kuwait","July - December 2013",0,3,0,0,0,0,0,2,0
"395",395,395,395,"Mexico","July - December 2013",0,2,0,0,0,0,0,1,0
"396",396,396,396,"Netherlands","July - December 2013",0,0,0,0,0,0,0,0,0
"397",397,397,397,"Pakistan","July - December 2013",0,0,0,0,0,0,0,0,0
"398",398,398,398,"Russian Federation","July - December 2013",64,14,1,9,0,0,10,14,8.96
"399",399,399,399,"South Korea","July - December 2013",0,0,0,0,0,0,0,0,0
"400",400,400,400,"Spain","July - December 2013",0,0,0,0,0,0,0,0,0
"401",401,401,401,"Turkey","July - December 2013",0,2,0,0,0,0,0,2,0
"402",402,402,402,"United Arab Emirates","July - December 2013",0,5,0,0,0,0,0,2,0
"403",403,403,403,"United Kingdom","July - December 2013",0,9,0,0,0,0,0,9,0
"404",404,404,404,"United States","July - December 2013",0,11,0,0,0,0,0,8,0
"405",405,405,405,"Venezuela","July - December 2013",0,13,0,0,0,0,0,1,0
"406",406,406,406,"Argentina","July - December 2014",0,2,0,0,0,0,0,1,0
"407",407,407,407,"Australia","July - December 2014",0,0,0,0,0,0,0,0,0
"408",408,408,408,"Brazil","July - December 2014",30,191,5,101,0,0,106,27,8.1
"409",409,409,409,"Canada","July - December 2014",0,3,0,0,0,0,0,5,0
"410",410,410,410,"Colombia","July - December 2014",0,0,0,0,0,0,0,0,0
"411",411,411,411,"Cyprus","July - December 2014",0,0,0,0,0,0,0,0,0
"412",412,412,412,"Ecuador","July - December 2014",0,3,0,0,0,0,0,1,0
"413",413,413,413,"France","July - December 2014",43,38,0,15,0,0,15,35,15.05
"414",414,414,414,"Germany","July - December 2014",37,42,14,6,0,0,20,43,15.91
"415",415,415,415,"Greece","July - December 2014",0,2,0,0,0,0,0,1,0
"416",416,416,416,"Hong Kong","July - December 2014",0,0,0,0,0,0,0,0,0
"417",417,417,417,"India","July - December 2014",7,15,1,0,0,0,1,15,1.05
"418",418,418,418,"Indonesia","July - December 2014",0,0,0,0,0,0,0,0,0
"419",419,419,419,"Ireland","July - December 2014",0,0,0,0,0,0,0,0,0
"420",420,420,420,"Italy","July - December 2014",0,0,0,0,0,0,0,0,0
"421",421,421,421,"Japan","July - December 2014",21,26,0,19,0,0,19,19,3.99
"422",422,422,422,"Kazakhstan","July - December 2014",0,2,0,0,0,0,0,1,0
"423",423,423,423,"Kenya","July - December 2014",0,1,0,0,0,0,0,1,0
"424",424,424,424,"Kuwait","July - December 2014",0,2,0,0,0,0,0,2,0
"425",425,425,425,"Mexico","July - December 2014",0,34,0,0,0,0,0,2,0
"426",426,426,426,"Netherlands","July - December 2014",71,14,0,12,0,0,12,14,9.94
"427",427,427,427,"Norway","July - December 2014",0,0,0,0,0,0,0,0,0
"428",428,428,428,"Pakistan","July - December 2014",0,24,0,0,0,0,0,4,0
"429",429,429,429,"Russian Federation","July - December 2014",13,91,3,9,0,0,12,91,11.83
"430",430,430,430,"South Korea","July - December 2014",0,2,0,0,0,0,0,2,0
"431",431,431,431,"Spain","July - December 2014",0,2,0,0,0,0,0,1,0
"432",432,432,432,"Turkey","July - December 2014",50,2642,62,1820,0,0,1882,477,238.5
"433",433,433,433,"United Arab Emirates","July - December 2014",0,0,0,0,0,0,0,0,0
"434",434,434,434,"United Kingdom","July - December 2014",0,40,0,0,0,0,0,22,0
"435",435,435,435,"United States","July - December 2014",0,60,0,0,0,0,0,32,0
"436",436,436,436,"Venezuela","July - December 2014",0,0,0,0,0,0,0,0,0
"437",437,437,437,"Argentina","July - December 2015",0,0,0,0,0,0,0,0,0
"438",438,438,438,"Australia","July - December 2015",0,2,0,0,0,2,0,3,0
"439",439,439,439,"Bosnia and Herzegovina","July - December 2015",0,1,0,0,0,1,0,1,0
"440",440,440,440,"Brazil","July - December 2015",22,107,1,107,8,23,108,18,3.96
"441",441,441,441,"Canada","July - December 2015",0,8,0,0,6,2,0,8,0
"442",442,442,442,"Colombia","July - December 2015",0,3,0,0,2,1,0,3,0
"443",443,443,443,"Cyprus","July - December 2015",0,0,0,0,0,0,0,0,0
"444",444,444,444,"Czech Republic","July - December 2015",0,1,0,0,0,1,0,1,0
"445",445,445,445,"Dominican Republic","July - December 2015",0,11,0,0,3,8,0,11,0
"446",446,446,446,"Ecuador","July - December 2015",0,20,0,0,2,18,0,16,0
"447",447,447,447,"Egypt","July - December 2015",0,1,0,0,0,1,0,1,0
"448",448,448,448,"France","July - December 2015",19,305,2,74,91,158,76,154,29.26
"449",449,449,449,"Georgia","July - December 2015",0,1,0,0,0,1,0,1,0
"450",450,450,450,"Germany","July - December 2015",20,10,1,1,4,4,2,10,2
"451",451,451,451,"Greece","July - December 2015",0,4,0,0,1,3,0,4,0
"452",452,452,452,"Hong Kong","July - December 2015",0,0,0,0,0,0,0,0,0
"453",453,453,453,"India","July - December 2015",0,47,0,0,21,26,0,40,0
"454",454,454,454,"Indonesia","July - December 2015",0,8,0,0,5,3,0,8,0
"455",455,455,455,"Iraq","July - December 2015",0,0,0,0,0,0,0,0,0
"456",456,456,456,"Ireland","July - December 2015",0,0,0,0,0,0,0,0,0
"457",457,457,457,"Italy","July - December 2015",0,4,0,0,4,0,0,4,0
"458",458,458,458,"Japan","July - December 2015",3,130,0,1,81,48,1,37,1.11
"459",459,459,459,"Kazakhstan","July - December 2015",0,18,0,0,13,5,0,4,0
"460",460,460,460,"Kenya","July - December 2015",0,1,0,0,0,1,0,1,0
"461",461,461,461,"Kuwait","July - December 2015",0,3,0,0,2,1,0,3,0
"462",462,462,462,"Luxembourg","July - December 2015",0,1,0,0,0,1,0,1,0
"463",463,463,463,"Malaysia","July - December 2015",0,24,0,0,23,1,0,3,0
"464",464,464,464,"Mexico","July - December 2015",0,0,0,0,0,0,0,0,0
"465",465,465,465,"Mongolia","July - December 2015",0,111,0,0,23,88,0,111,0
"466",466,466,466,"Netherlands","July - December 2015",40,6,0,3,0,4,3,5,2
"467",467,467,467,"New Zealand","July - December 2015",0,0,0,0,0,0,0,1,0
"468",468,468,468,"Norway","July - December 2015",0,0,0,0,0,0,0,0,0
"469",469,469,469,"Pakistan","July - December 2015",0,33,0,0,9,24,0,12,0
"470",470,470,470,"Russian Federation","July - December 2015",5,1774,14,82,1306,380,96,1735,86.75
"471",471,471,471,"Saudi Arabia","July - December 2015",0,1,0,0,0,1,0,1,0
"472",472,472,472,"Serbia","July - December 2015",0,1,0,0,0,1,0,1,0
"473",473,473,473,"South Korea","July - December 2015",0,131,0,0,61,70,0,79,0
"474",474,474,474,"Spain","July - December 2015",0,6,0,0,1,5,0,6,0
"475",475,475,475,"Turkey","July - December 2015",23,8092,414,3003,530,4992,3417,2211,508.53
"476",476,476,476,"United Arab Emirates","July - December 2015",0,0,0,0,0,0,0,0,0
"477",477,477,477,"United Kingdom","July - December 2015",5,120,0,82,11,32,82,22,1.1
"478",478,478,478,"United States","July - December 2015",0,107,0,0,58,49,0,101,0
"479",479,479,479,"Venezuela","July - December 2015",0,0,0,0,0,0,0,0,0
"480",480,480,480,"Afghanistan","July - December 2016",0,1,0,0,0,0,0,1,0
"481",481,481,481,"Argentina","July - December 2016",0,1,0,0,1,0,0,2,0
"482",482,482,482,"Australia","July - December 2016",0,4,0,0,3,0,0,4,0
"483",483,483,483,"Austria","July - December 2016",0,4,0,0,3,0,0,2,0
"484",484,484,484,"Azerbaijan","July - December 2016",0,0,0,0,0,0,0,1,0
"485",485,485,485,"Belarus","July - December 2016",0,1,0,0,0,0,0,1,0
"486",486,486,486,"Belgium","July - December 2016",0,47,0,0,44,0,0,1,0
"487",487,487,487,"Bosnia and Herzegovina","July - December 2016",0,0,0,0,0,0,0,0,0
"488",488,488,488,"Brazil","July - December 2016",17,114,2,15,21,0,17,47,7.99
"489",489,489,489,"Canada","July - December 2016",0,29,0,0,14,0,0,11,0
"490",490,490,490,"Chile","July - December 2016",0,0,0,0,0,0,0,0,0
"491",491,491,491,"Colombia","July - December 2016",0,3,0,0,2,0,0,3,0
"492",492,492,492,"Cyprus","July - December 2016",0,0,0,0,0,0,0,0,0
"493",493,493,493,"Czech Republic","July - December 2016",0,0,0,0,0,0,0,0,0
"494",494,494,494,"Dominican Republic","July - December 2016",0,0,0,0,0,0,0,0,0
"495",495,495,495,"Ecuador","July - December 2016",0,16,0,0,0,0,0,1,0
"496",496,496,496,"Egypt","July - December 2016",0,0,0,0,0,0,0,0,0
"497",497,497,497,"Estonia","July - December 2016",0,2,0,0,2,0,0,2,0
"498",498,498,498,"Finland","July - December 2016",0,0,0,0,0,0,0,0,0
"499",499,499,499,"France","July - December 2016",23,1430,14,335,298,0,349,1334,306.82
"500",500,500,500,"Georgia","July - December 2016",0,0,0,0,0,0,0,0,0
"501",501,501,501,"Germany","July - December 2016",41,322,2,121,49,0,123,236,96.76
"502",502,502,502,"Greece","July - December 2016",0,4,0,0,4,0,0,4,0
"503",503,503,503,"Haiti","July - December 2016",0,1,0,0,0,0,0,1,0
"504",504,504,504,"Hong Kong","July - December 2016",0,0,0,0,0,0,0,0,0
"505",505,505,505,"India","July - December 2016",0,295,0,0,104,0,0,97,0
"506",506,506,506,"Indonesia","July - December 2016",0,682,0,0,527,0,0,176,0
"507",507,507,507,"Iraq","July - December 2016",0,0,0,0,0,0,0,0,0
"508",508,508,508,"Ireland","July - December 2016",13,32,0,7,5,0,7,8,1.04
"509",509,509,509,"Israel","July - December 2016",17,34,0,16,2,0,16,12,2.04
"510",510,510,510,"Italy","July - December 2016",0,6,0,0,2,0,0,6,0
"511",511,511,511,"Japan","July - December 2016",6,296,0,23,80,0,23,82,4.92
"512",512,512,512,"Kazakhstan","July - December 2016",0,4,0,0,3,0,0,4,0
"513",513,513,513,"Kenya","July - December 2016",0,0,0,0,0,0,0,0,0
"514",514,514,514,"Kuwait","July - December 2016",0,11,0,0,9,0,0,4,0
"515",515,515,515,"Lebanon","July - December 2016",0,0,0,0,0,0,0,0,0
"516",516,516,516,"Luxembourg","July - December 2016",0,1,0,0,0,0,0,1,0
"517",517,517,517,"Malaysia","July - December 2016",0,2,0,0,0,0,0,2,0
"518",518,518,518,"Maldives","July - December 2016",0,0,0,0,0,0,0,0,0
"519",519,519,519,"Mexico","July - December 2016",0,3,0,0,1,0,0,3,0
"520",520,520,520,"Mongolia","July - December 2016",0,0,0,0,0,0,0,0,0
"521",521,521,521,"Netherlands","July - December 2016",33,3,1,2,2,0,3,3,0.99
"522",522,522,522,"New Zealand","July - December 2016",0,7,0,0,3,0,0,4,0
"523",523,523,523,"Norway","July - December 2016",0,1,0,0,1,0,0,1,0
"524",524,524,524,"Pakistan","July - December 2016",0,19,0,0,12,0,0,13,0
"525",525,525,525,"Philippines","July - December 2016",0,3,0,0,2,0,0,4,0
"526",526,526,526,"Portugal","July - December 2016",0,1,0,0,1,0,0,1,0
"527",527,527,527,"Russian Federation","July - December 2016",28,620,55,89,282,0,144,522,146.16
"528",528,528,528,"Saudi Arabia","July - December 2016",0,2,0,0,1,0,0,1,0
"529",529,529,529,"Serbia","July - December 2016",0,0,0,0,0,0,0,0,0
"530",530,530,530,"Singapore","July - December 2016",0,0,0,0,0,0,0,0,0
"531",531,531,531,"South Africa","July - December 2016",0,1,0,0,0,0,0,1,0
"532",532,532,532,"South Korea","July - December 2016",0,141,0,0,102,0,0,56,0
"533",533,533,533,"Spain","July - December 2016",0,21,0,0,10,0,0,14,0
"534",534,534,534,"Sweden","July - December 2016",0,0,0,0,0,0,0,0,0
"535",535,535,535,"Switzerland","July - December 2016",0,1,0,0,0,0,0,1,0
"536",536,536,536,"Thailand","July - December 2016",0,5,0,0,5,0,0,3,0
"537",537,537,537,"Turkey","July - December 2016",19,8417,290,489,544,0,779,3076,584.44
"538",538,538,538,"United Arab Emirates","July - December 2016",0,30,0,0,25,0,0,8,0
"539",539,539,539,"United Kingdom","July - December 2016",6,238,3,16,15,0,19,66,3.96
"540",540,540,540,"United States","July - December 2016",0,164,0,0,64,0,0,102,0
"541",541,541,541,"Uzbekistan","July - December 2016",0,2,0,0,2,0,0,2,0
"542",542,542,542,"Venezuela","July - December 2016",0,1,0,0,0,0,0,1,0
"543",543,543,543,"Afghanistan","July - December 2017",0,0,0,0,0,0,0,0,0
"544",544,544,544,"Argentina","July - December 2017",0,5,0,0,0,0,0,2,0
"545",545,545,545,"Australia","July - December 2017",25,10,2,0,8,0,2,4,1
"546",546,546,546,"Austria","July - December 2017",0,1,0,0,0,0,0,1,0
"547",547,547,547,"Azerbaijan","July - December 2017",0,0,0,0,0,0,0,0,0
"548",548,548,548,"Bahrain","July - December 2017",0,0,0,0,0,0,0,0,0
"549",549,549,549,"Belarus","July - December 2017",0,0,0,0,0,0,0,0,0
"550",550,550,550,"Belgium","July - December 2017",0,3,0,0,1,0,0,3,0
"551",551,551,551,"Bosnia and Herzegovina","July - December 2017",0,0,0,0,0,0,0,0,0
"552",552,552,552,"Brazil","July - December 2017",12,101,3,19,14,0,22,42,5.04
"553",553,553,553,"Canada","July - December 2017",0,9,0,0,6,0,0,7,0
"554",554,554,554,"Chile","July - December 2017",0,0,0,0,0,0,0,0,0
"555",555,555,555,"Colombia","July - December 2017",0,2,0,0,1,0,0,2,0
"556",556,556,556,"Croatia","July - December 2017",0,0,0,0,0,0,0,0,0
"557",557,557,557,"Cyprus","July - December 2017",0,0,0,0,0,0,0,0,0
"558",558,558,558,"Czech Republic","July - December 2017",0,0,0,0,0,0,0,0,0
"559",559,559,559,"Dominican Republic","July - December 2017",0,0,0,0,0,0,0,0,0
"560",560,560,560,"Ecuador","July - December 2017",0,7,0,0,1,0,0,4,0
"561",561,561,561,"Egypt","July - December 2017",0,0,0,0,0,0,0,0,0
"562",562,562,562,"Estonia","July - December 2017",0,0,0,0,0,0,0,0,0
"563",563,563,563,"Finland","July - December 2017",0,14,0,0,3,0,0,2,0
"564",564,564,564,"France","July - December 2017",4,139,0,5,50,0,5,82,3.28
"565",565,565,565,"Georgia","July - December 2017",0,0,0,0,0,0,0,0,0
"566",566,566,566,"Germany","July - December 2017",9,67,2,11,30,0,13,33,2.97
"567",567,567,567,"Greece","July - December 2017",0,2,0,0,0,0,0,1,0
"568",568,568,568,"Haiti","July - December 2017",0,0,0,0,0,0,0,0,0
"569",569,569,569,"Hong Kong","July - December 2017",0,0,0,0,0,0,0,0,0
"570",570,570,570,"India","July - December 2017",3,800,17,32,143,0,49,144,4.32
"571",571,571,571,"Indonesia","July - December 2017",0,196,0,0,82,0,0,65,0
"572",572,572,572,"Iraq","July - December 2017",0,1,0,0,0,0,0,1,0
"573",573,573,573,"Ireland","July - December 2017",0,16,0,0,0,0,0,9,0
"574",574,574,574,"Israel","July - December 2017",0,5,0,0,4,0,0,5,0
"575",575,575,575,"Italy","July - December 2017",0,7,0,0,3,0,0,9,0
"576",576,576,576,"Japan","July - December 2017",4,637,0,71,244,0,71,164,6.56
"577",577,577,577,"Kazakhstan","July - December 2017",0,0,0,0,0,0,0,0,0
"578",578,578,578,"Kenya","July - December 2017",0,0,0,0,0,0,0,0,0
"579",579,579,579,"Kuwait","July - December 2017",0,15,0,0,7,0,0,8,0
"580",580,580,580,"Lebanon","July - December 2017",0,0,0,0,0,0,0,0,0
"581",581,581,581,"Luxembourg","July - December 2017",0,2,0,0,0,0,0,1,0
"582",582,582,582,"Malaysia","July - December 2017",0,17,0,0,2,0,0,13,0
"583",583,583,583,"Maldives","July - December 2017",0,2,0,0,0,0,0,1,0
"584",584,584,584,"Mexico","July - December 2017",0,8,0,0,5,0,0,8,0
"585",585,585,585,"Mongolia","July - December 2017",0,0,0,0,0,0,0,0,0
"586",586,586,586,"Nepal","July - December 2017",0,0,0,0,0,0,0,0,0
"587",587,587,587,"Netherlands","July - December 2017",33,3,0,2,2,0,2,3,0.99
"588",588,588,588,"New Zealand","July - December 2017",0,0,0,0,0,0,0,0,0
"589",589,589,589,"Norway","July - December 2017",0,0,0,0,0,0,0,0,0
"590",590,590,590,"Pakistan","July - December 2017",0,674,0,0,42,0,0,75,0
"591",591,591,591,"Paraguay","July - December 2017",0,0,0,0,0,0,0,0,0
"592",592,592,592,"Philippines","July - December 2017",0,0,0,0,0,0,0,0,0
"593",593,593,593,"Poland","July - December 2017",0,2,0,0,0,0,0,3,0
"594",594,594,594,"Portugal","July - December 2017",0,1,0,0,1,0,0,1,0
"595",595,595,595,"Qatar","July - December 2017",0,1,0,0,1,0,0,1,0
"596",596,596,596,"Russian Federation","July - December 2017",51,1306,23,630,224,0,653,1292,658.92
"597",597,597,597,"Saudi Arabia","July - December 2017",0,3,0,0,0,0,0,3,0
"598",598,598,598,"Serbia","July - December 2017",0,0,0,0,0,0,0,0,0
"599",599,599,599,"Singapore","July - December 2017",0,0,0,0,0,0,0,0,0
"600",600,600,600,"South Africa","July - December 2017",0,0,0,0,0,0,0,0,0
"601",601,601,601,"South Korea","July - December 2017",0,577,0,0,394,0,0,145,0
"602",602,602,602,"Spain","July - December 2017",0,58,0,0,8,0,0,15,0
"603",603,603,603,"Sri Lanka","July - December 2017",0,1,0,0,0,0,0,1,0
"604",604,604,604,"Sweden","July - December 2017",0,2,0,0,2,0,0,1,0
"605",605,605,605,"Switzerland","July - December 2017",0,4,0,0,2,0,0,2,0
"606",606,606,606,"Thailand","July - December 2017",0,0,0,0,0,0,0,0,0
"607",607,607,607,"Turkey","July - December 2017",3,6544,148,322,2157,0,470,4294,128.82
"608",608,608,608,"Ukraine","July - December 2017",0,0,0,0,0,0,0,0,0
"609",609,609,609,"United Arab Emirates","July - December 2017",0,72,0,0,62,0,0,14,0
"610",610,610,610,"United Kingdom","July - December 2017",20,165,7,30,13,0,37,94,18.8
"611",611,611,611,"United States","July - December 2017",0,162,0,0,64,0,0,89,0
"612",612,612,612,"Uruguay","July - December 2017",0,7,0,0,7,0,0,5,0
"613",613,613,613,"Uzbekistan","July - December 2017",0,0,0,0,0,0,0,0,0
"614",614,614,614,"Venezuela","July - December 2017",0,2,0,0,0,0,0,2,0
"615",615,615,615,"Afghanistan","July - December 2018",0,0,0,0,0,0,0,0,0
"616",616,616,616,"Argentina","July - December 2018",33,115,0,0,24,0,0,2,0.66
"617",617,617,617,"Australia","July - December 2018",15,20,0,8,4,0,8,1,0.15
"618",618,618,618,"Austria","July - December 2018",0,2,0,0,0,0,0,0,0
"619",619,619,619,"Azerbaijan","July - December 2018",0,0,0,0,0,0,0,0,0
"620",620,620,620,"Bahrain","July - December 2018",0,0,0,0,0,0,0,0,0
"621",621,621,621,"Belarus","July - December 2018",0,0,0,0,0,0,0,0,0
"622",622,622,622,"Belgium","July - December 2018",0,0,0,0,0,0,0,0,0
"623",623,623,623,"Bosnia and Herzegovina","July - December 2018",0,0,0,0,0,0,0,0,0
"624",624,624,624,"Brazil","July - December 2018",29,512,1,142,35,0,143,92,26.68
"625",625,625,625,"Bulgaria","July - December 2018",0,7,0,0,3,0,0,0,0
"626",626,626,626,"Canada","July - December 2018",0,9,0,0,3,0,0,0,0
"627",627,627,627,"Chile","July - December 2018",0,0,0,0,0,0,0,0,0
"628",628,628,628,"Colombia","July - December 2018",0,4,0,0,1,0,0,0,0
"629",629,629,629,"Croatia","July - December 2018",0,0,0,0,0,0,0,0,0
"630",630,630,630,"Cyprus","July - December 2018",0,2,0,0,1,0,0,0,0
"631",631,631,631,"Czech Republic","July - December 2018",0,2,0,0,1,0,0,0,0
"632",632,632,632,"Denmark","July - December 2018",0,5,0,0,3,0,0,0,0
"633",633,633,633,"Dominican Republic","July - December 2018",0,1,0,0,0,0,0,0,0
"634",634,634,634,"Ecuador","July - December 2018",0,25,0,0,20,0,0,0,0
"635",635,635,635,"Egypt","July - December 2018",0,0,0,0,0,0,0,0,0
"636",636,636,636,"Estonia","July - December 2018",0,0,0,0,0,0,0,0,0
"637",637,637,637,"Finland","July - December 2018",0,0,0,0,0,0,0,0,0
"638",638,638,638,"France","July - December 2018",8,126,1,6,58,0,7,0,0
"639",639,639,639,"Georgia","July - December 2018",0,0,0,0,0,0,0,0,0
"640",640,640,640,"Germany","July - December 2018",12,44,0,39,10,0,39,3,0.36
"641",641,641,641,"Greece","July - December 2018",0,2,0,0,0,0,0,0,0
"642",642,642,642,"Haiti","July - December 2018",0,0,0,0,0,0,0,0,0
"643",643,643,643,"Hong Kong","July - December 2018",0,2,0,0,1,0,0,0,0
"644",644,644,644,"India","July - December 2018",2,2228,95,114,320,0,209,10,0.2
"645",645,645,645,"Indonesia","July - December 2018",0,3015,0,0,366,0,0,0,0
"646",646,646,646,"Iraq","July - December 2018",0,0,0,0,0,0,0,0,0
"647",647,647,647,"Ireland","July - December 2018",0,107,0,0,1,0,0,0,0
"648",648,648,648,"Israel","July - December 2018",0,3,0,0,2,0,0,0,0
"649",649,649,649,"Italy","July - December 2018",0,9,0,0,4,0,0,1,0
"650",650,650,650,"Japan","July - December 2018",2,1679,0,363,1187,0,363,16,0.32
"651",651,651,651,"Kazakhstan","July - December 2018",0,0,0,0,0,0,0,0,0
"652",652,652,652,"Kenya","July - December 2018",0,0,0,0,0,0,0,0,0
"653",653,653,653,"Kuwait","July - December 2018",0,3,0,0,0,0,0,0,0
"654",654,654,654,"Kyrgyzstan","July - December 2018",0,37,0,0,8,0,0,4,0
"655",655,655,655,"Lebanon","July - December 2018",0,0,0,0,0,0,0,0,0
"656",656,656,656,"Luxembourg","July - December 2018",0,0,0,0,0,0,0,0,0
"657",657,657,657,"Macedonia","July - December 2018",0,4,0,0,0,0,0,0,0
"658",658,658,658,"Malaysia","July - December 2018",0,10,0,0,1,0,0,0,0
"659",659,659,659,"Maldives","July - December 2018",0,0,0,0,0,0,0,0,0
"660",660,660,660,"Mexico","July - December 2018",0,22,0,0,8,0,0,2,0
"661",661,661,661,"Mongolia","July - December 2018",0,0,0,0,0,0,0,0,0
"662",662,662,662,"Nepal","July - December 2018",0,3,0,0,3,0,0,0,0
"663",663,663,663,"Netherlands","July - December 2018",0,8,0,0,0,0,0,0,0
"664",664,664,664,"New Zealand","July - December 2018",0,0,0,0,0,0,0,0,0
"665",665,665,665,"Norway","July - December 2018",0,0,0,0,0,0,0,0,0
"666",666,666,666,"Oman","July - December 2018",0,2,0,0,1,0,0,0,0
"667",667,667,667,"Pakistan","July - December 2018",0,2349,0,0,204,0,0,1,0
"668",668,668,668,"Panama","July - December 2018",0,51,0,0,0,0,0,32,0
"669",669,669,669,"Paraguay","July - December 2018",0,0,0,0,0,0,0,0,0
"670",670,670,670,"Philippines","July - December 2018",0,2,0,0,2,0,0,0,0
"671",671,671,671,"Poland","July - December 2018",0,5,0,0,0,0,0,0,0
"672",672,672,672,"Portugal","July - December 2018",0,0,0,0,0,0,0,0,0
"673",673,673,673,"Qatar","July - December 2018",0,12,0,0,1,0,0,0,0
"674",674,674,674,"Russian Federation","July - December 2018",46,3391,15,1441,1124,0,1456,316,145.36
"675",675,675,675,"Saudi Arabia","July - December 2018",0,6,0,0,3,0,0,0,0
"676",676,676,676,"Serbia","July - December 2018",0,0,0,0,0,0,0,0,0
"677",677,677,677,"Singapore","July - December 2018",0,0,0,0,0,0,0,0,0
"678",678,678,678,"Slovenia","July - December 2018",0,1,0,0,0,0,0,0,0
"679",679,679,679,"South Africa","July - December 2018",0,0,0,0,0,0,0,0,0
"680",680,680,680,"South Korea","July - December 2018",0,1712,0,0,1461,0,0,53,0
"681",681,681,681,"Spain","July - December 2018",0,41,0,2,11,0,2,4,0
"682",682,682,682,"Sri Lanka","July - December 2018",0,0,0,0,0,0,0,0,0
"683",683,683,683,"Sweden","July - December 2018",0,0,0,0,0,0,0,0,0
"684",684,684,684,"Switzerland","July - December 2018",0,0,0,0,0,0,0,0,0
"685",685,685,685,"Thailand","July - December 2018",0,1,0,0,0,0,0,0,0
"686",686,686,686,"Tunisia","July - December 2018",0,0,0,0,0,0,0,0,0
"687",687,687,687,"Turkey","July - December 2018",4,9155,72,355,1588,0,427,597,23.88
"688",688,688,688,"Ukraine","July - December 2018",0,1,0,0,0,0,0,0,0
"689",689,689,689,"United Arab Emirates","July - December 2018",0,2155,0,0,1994,0,0,0,0
"690",690,690,690,"United Kingdom","July - December 2018",2,90,0,1,23,0,1,3,0.06
"691",691,691,691,"United States","July - December 2018",0,303,0,0,245,0,0,2,0
"692",692,692,692,"Uruguay","July - December 2018",0,0,0,0,0,0,0,0,0
"693",693,693,693,"Uzbekistan","July - December 2018",0,0,0,0,0,0,0,0,0
"694",694,694,694,"Venezuela","July - December 2018",0,0,0,0,0,0,0,0,0
